Directory Name,File Name,Size,Size Unit,is File,File Path
,Microsoft WSE 3.0.msi,11,MB,Y,E:\D Drive\Ajit\AI CRs\CyberSource\CyberSource_Release_Final_08_Mar_2008\web3.0\Microsoft WSE 3.0.msi
,Microsoft WSE 3.0.msi,11,MB,Y,E:\D Drive\Ajit\AI CRs\CyberSource\Microsoft WSE 3.0.msi
,BAIEIN0126-FRS-Consolidator 1.0.doc,20,MB,Y,E:\D Drive\Ajit\AIE Documents\Engineering\FRS\Consolidator\BAIEIN0126-FRS-Consolidator 1.0.doc
,BAIEIN0126-FRS-Consolidator 1.0.doc,20,MB,Y,E:\D Drive\Ajit\AIE Documents\Engineering\FRS\temp\BAIEIN0126-FRS-Consolidator 1.0.doc
,BAIEIN0126-FRS-Travel Agent 1.0.doc,31,MB,Y,E:\D Drive\Ajit\AIE Documents\Engineering\FRS\temp\BAIEIN0126-FRS-Travel Agent 1.0.doc
,BAIEIN0126-FRS-Travel Agent 1.0.doc,31,MB,Y,E:\D Drive\Ajit\AIE Documents\Engineering\FRS\Travel Agent\BAIEIN0126-FRS-Travel Agent 1.0.doc
,ForeCasting.doc,512,MB,Y,E:\D Drive\Ajit\Airline related data\ARM\ForeCasting.doc
,The Theory and Practice of Revenue Management.pdf,18,MB,Y,E:\D Drive\Ajit\Airline related data\ARM\The Theory and Practice of Revenue Management.pdf
,Wrox.Professional.ASP.NET.4.in.CSharp.and.VB.Mar.2010.pdf,41,MB,Y,E:\D Drive\Ajit\Learning\Wrox.Professional.ASP.NET.4.in.CSharp.and.VB.Mar.2010\Wrox.Professional.ASP.NET.4.in.CSharp.and.VB.Mar.2010.pdf
,PHHL,31,MB,Y,E:\D Drive\Ajit\PHHL\CleanedDatabase\PHHL
,IGT's Response to SKYTEAM RTW PLANNER SYSTEM.doc,11,MB,Y,E:\D Drive\Ajit\Proposal\Airline\IBE\SkyTeam RTW Itinerary Planner\Proposal\IGT's Response to SKYTEAM RTW PLANNER SYSTEM.doc
,UserManual.chm,11,MB,Y,E:\D Drive\Ajit\Proposal\Airline\Revenue Management\Air Mauritius\Documents\UserManual.chm
,IGT Presentation to ST v1.0 - 11Aug09.ppt,16,MB,Y,E:\D Drive\Ajit\Proposal\Presentation\IGT Presentation to ST v1.0 - 11Aug09.ppt
,UserManual.chm,11,MB,Y,E:\D Drive\Ajit\Proposal\Proposal - Others\Revenue Management\Air Mauritius\Documents\UserManual.chm
,final-SON_IGT Response.xls,10,MB,Y,"E:\D Drive\Ajit\Proposal\Proposal - TMC\B2C IBE, POS and ERP\Documents\final-SON_IGT Response.xls"
,DNATA_screenshots.doc,17,MB,Y,E:\D Drive\Ajit\Proposal\Proposal - TMC\Front Office Managment\DNATA DFO - (Front Office Migrator)\Documents - Existing System\DNATA_screenshots.doc
,UserManual.chm,11,MB,Y,E:\D Drive\Ajit\Proposal\Revenue Management\Air Mauritius\Documents\UserManual.chm
,01Apr07-30Apr07.rar,14,MB,Y,E:\D Drive\Ajit\Support\Agency Fare\Backup CRS from PreProd\AirIndia\AirIndia\Reports\01Apr07-30Apr07.rar
,01AUG07-31AUG07.rar,12,MB,Y,E:\D Drive\Ajit\Support\Agency Fare\Backup CRS from PreProd\AirIndia\AirIndia\Reports\01AUG07-31AUG07.rar
,01Dec07-31Dec07.rar,13,MB,Y,E:\D Drive\Ajit\Support\Agency Fare\Backup CRS from PreProd\AirIndia\AirIndia\Reports\01Dec07-31Dec07.rar
,01July07-31July07.rar,13,MB,Y,E:\D Drive\Ajit\Support\Agency Fare\Backup CRS from PreProd\AirIndia\AirIndia\Reports\01July07-31July07.rar
,01June07-30June07.rar,12,MB,Y,E:\D Drive\Ajit\Support\Agency Fare\Backup CRS from PreProd\AirIndia\AirIndia\Reports\01June07-30June07.rar
,01May07-31May07.rar,14,MB,Y,E:\D Drive\Ajit\Support\Agency Fare\Backup CRS from PreProd\AirIndia\AirIndia\Reports\01May07-31May07.rar
,01Nov07-30Nov07.rar,14,MB,Y,E:\D Drive\Ajit\Support\Agency Fare\Backup CRS from PreProd\AirIndia\AirIndia\Reports\01Nov07-30Nov07.rar
,01OCT07-31OCT07.rar,14,MB,Y,E:\D Drive\Ajit\Support\Agency Fare\Backup CRS from PreProd\AirIndia\AirIndia\Reports\01OCT07-31OCT07.rar
,01SEP07-30SEP07.rar,13,MB,Y,E:\D Drive\Ajit\Support\Agency Fare\Backup CRS from PreProd\AirIndia\AirIndia\Reports\01SEP07-30SEP07.rar
,AllTxnData_01Apr_15Apr08.rar,16,MB,Y,E:\D Drive\Ajit\Support\Agency Fare\Backup CRS from PreProd\AirIndia\AirIndia\Reports\AllTxnData_01Apr_15Apr08.rar
,AllTxn_01Dec_31Dec07.rar,12,MB,Y,E:\D Drive\Ajit\Support\Agency Fare\Backup CRS from PreProd\AirIndia\AirIndia\Reports\AllTxn_01Dec_31Dec07.rar
,Microsoft WSE 3.0.msi,11,MB,Y,E:\D Drive\Ajit\Support\Agency Fare\Backup CRS from PreProd\Cybersource_Release\web3.0\Microsoft WSE 3.0.msi
,AllTxn_16Jan2009_To_31Jan2009.xls,56,MB,Y,E:\D Drive\Ajit\Support\AllTxn_16Jan2009_To_31Jan2009\AllTxn_16Jan2009_To_31Jan2009.xls
,devtools.zip,15,MB,Y,E:\D Drive\Ajit\Support\Dot Net\RNDBuild Tools\040622\devtools.zip
,040622.zip,14,MB,Y,E:\D Drive\Ajit\Support\Dot Net\RNDBuild Tools\040622.zip
,ANTS_Profiler_4.0.0.861.exe,26,MB,Y,E:\D Drive\Ajit\Support\Dot Net\RNDBuild Tools\ANTS_Profiler_4.0.0.861.exe
,ReSharperSetup.4.1.msi,30,MB,Y,E:\D Drive\Ajit\Support\Dot Net\RNDBuild Tools\ReSharperSetup.4.1.msi
CRSV2,,228,MB,N,E:\D Drive\Ajit\AI CR NON CONSTRACTIVE FARE\CRSV2\Documents\Engineering\ProgramSpecifications\CRSV2
ProgramSpecifications,,228,MB,N,E:\D Drive\Ajit\AI CR NON CONSTRACTIVE FARE\CRSV2\Documents\Engineering\ProgramSpecifications
Engineering,,236,MB,N,E:\D Drive\Ajit\AI CR NON CONSTRACTIVE FARE\CRSV2\Documents\Engineering
Documents,,238,MB,N,E:\D Drive\Ajit\AI CR NON CONSTRACTIVE FARE\CRSV2\Documents
CRSV2,,266,MB,N,E:\D Drive\Ajit\AI CR NON CONSTRACTIVE FARE\CRSV2
CRSV2,,228,MB,N,E:\D Drive\Ajit\AI CR NON CONSTRACTIVE FARE\CRSV2_Backup_Schedule_Modification_Change_Till_work_Stop_Backup_On_08_10_2007\CRSV2\Documents\Engineering\ProgramSpecifications\CRSV2
ProgramSpecifications,,228,MB,N,E:\D Drive\Ajit\AI CR NON CONSTRACTIVE FARE\CRSV2_Backup_Schedule_Modification_Change_Till_work_Stop_Backup_On_08_10_2007\CRSV2\Documents\Engineering\ProgramSpecifications
Engineering,,236,MB,N,E:\D Drive\Ajit\AI CR NON CONSTRACTIVE FARE\CRSV2_Backup_Schedule_Modification_Change_Till_work_Stop_Backup_On_08_10_2007\CRSV2\Documents\Engineering
Documents,,238,MB,N,E:\D Drive\Ajit\AI CR NON CONSTRACTIVE FARE\CRSV2_Backup_Schedule_Modification_Change_Till_work_Stop_Backup_On_08_10_2007\CRSV2\Documents
CRSV2,,266,MB,N,E:\D Drive\Ajit\AI CR NON CONSTRACTIVE FARE\CRSV2_Backup_Schedule_Modification_Change_Till_work_Stop_Backup_On_08_10_2007\CRSV2
CRSV2_Backup_Schedule_Modification_Change_Till_work_Stop_Backup_On_08_10_2007,,266,MB,N,E:\D Drive\Ajit\AI CR NON CONSTRACTIVE FARE\CRSV2_Backup_Schedule_Modification_Change_Till_work_Stop_Backup_On_08_10_2007
AI CR NON CONSTRACTIVE FARE,,535,MB,N,E:\D Drive\Ajit\AI CR NON CONSTRACTIVE FARE
CRS EMAIL,,11,MB,N,E:\D Drive\Ajit\AI CRs\CRS EMAIL
web3.0,,11,MB,N,E:\D Drive\Ajit\AI CRs\CyberSource\CyberSource_Release_Final_08_Mar_2008\web3.0
CyberSource_Release_Final_08_Mar_2008,,13,MB,N,E:\D Drive\Ajit\AI CRs\CyberSource\CyberSource_Release_Final_08_Mar_2008
CyberSource,,39,MB,N,E:\D Drive\Ajit\AI CRs\CyberSource
HDFC,,10,MB,N,E:\D Drive\Ajit\AI CRs\HDFC
RFP,,31,MB,N,E:\D Drive\Ajit\AI CRs\RFP
docs,,12,MB,N,E:\D Drive\Ajit\AI CRs\RMS\jboss-3.2.3\docs
deploy,,11,MB,N,E:\D Drive\Ajit\AI CRs\RMS\jboss-3.2.3\server\all\deploy
lib,,20,MB,N,E:\D Drive\Ajit\AI CRs\RMS\jboss-3.2.3\server\all\lib
all,,31,MB,N,E:\D Drive\Ajit\AI CRs\RMS\jboss-3.2.3\server\all
lib,,14,MB,N,E:\D Drive\Ajit\AI CRs\RMS\jboss-3.2.3\server\default\lib
log,,78,MB,N,E:\D Drive\Ajit\AI CRs\RMS\jboss-3.2.3\server\default\log
deploy,,20,MB,N,E:\D Drive\Ajit\AI CRs\RMS\jboss-3.2.3\server\default\tmp\deploy
tmp,,20,MB,N,E:\D Drive\Ajit\AI CRs\RMS\jboss-3.2.3\server\default\tmp
default,,125,MB,N,E:\D Drive\Ajit\AI CRs\RMS\jboss-3.2.3\server\default
server,,156,MB,N,E:\D Drive\Ajit\AI CRs\RMS\jboss-3.2.3\server
jboss-3.2.3,,181,MB,N,E:\D Drive\Ajit\AI CRs\RMS\jboss-3.2.3
RMS,,214,MB,N,E:\D Drive\Ajit\AI CRs\RMS
AI CRs,,322,MB,N,E:\D Drive\Ajit\AI CRs
Consolidator,,20,MB,N,E:\D Drive\Ajit\AIE Documents\Engineering\FRS\Consolidator
temp,,73,MB,N,E:\D Drive\Ajit\AIE Documents\Engineering\FRS\temp
Travel Agent,,31,MB,N,E:\D Drive\Ajit\AIE Documents\Engineering\FRS\Travel Agent
FRS,,146,MB,N,E:\D Drive\Ajit\AIE Documents\Engineering\FRS
General Documents,,11,MB,N,E:\D Drive\Ajit\AIE Documents\Engineering\General Documents
HLD,,43,MB,N,E:\D Drive\Ajit\AIE Documents\Engineering\HLD
System Test Cases,,14,MB,N,E:\D Drive\Ajit\AIE Documents\Engineering\Test\Test Cases\System Test Cases
Test Cases,,16,MB,N,E:\D Drive\Ajit\AIE Documents\Engineering\Test\Test Cases
Test,,18,MB,N,E:\D Drive\Ajit\AIE Documents\Engineering\Test
Engineering,,231,MB,N,E:\D Drive\Ajit\AIE Documents\Engineering
Change Request,,22,MB,N,E:\D Drive\Ajit\AIE Documents\Project Management\Change Management\Change Register\Change Request
Change Register,,25,MB,N,E:\D Drive\Ajit\AIE Documents\Project Management\Change Management\Change Register
Change Management,,25,MB,N,E:\D Drive\Ajit\AIE Documents\Project Management\Change Management
Project Management,,43,MB,N,E:\D Drive\Ajit\AIE Documents\Project Management
AIE Documents,,274,MB,N,E:\D Drive\Ajit\AIE Documents
Change Request,,33,MB,N,E:\D Drive\Ajit\AirIndia\Documents\Change Request
Documents,,40,MB,N,E:\D Drive\Ajit\AirIndia\Documents
AirIndia,,40,MB,N,E:\D Drive\Ajit\AirIndia
App_Data,,10,MB,N,E:\D Drive\Ajit\AirIndiaWS\WebUIProjects\AD_VPN\App_Data
AD_VPN,,13,MB,N,E:\D Drive\Ajit\AirIndiaWS\WebUIProjects\AD_VPN
WebUIProjects,,13,MB,N,E:\D Drive\Ajit\AirIndiaWS\WebUIProjects
AirIndiaWS,,42,MB,N,E:\D Drive\Ajit\AirIndiaWS
Model,,34,MB,N,E:\D Drive\Ajit\Airline related data\Ajit\Model
Ajit,,69,MB,N,E:\D Drive\Ajit\Airline related data\Ajit
ARM,,556,MB,N,E:\D Drive\Ajit\Airline related data\ARM
DCS,,28,MB,N,E:\D Drive\Ajit\Airline related data\DCS
Ground Handling Prototype,,48,MB,N,E:\D Drive\Ajit\Airline related data\Ground Handling Prototype
bzFlightApp,,18,MB,N,E:\D Drive\Ajit\Airline related data\Projects\bzFlightApp
Projects,,64,MB,N,E:\D Drive\Ajit\Airline related data\Projects
Airline related data,,805,MB,N,E:\D Drive\Ajit\Airline related data
BusinessFacadeProjects,,31,MB,N,E:\D Drive\Ajit\FreeREZ\BusinessFacadeProjects
BusinessRulesProjects,,19,MB,N,E:\D Drive\Ajit\FreeREZ\BusinessRulesProjects
ADS_COMMON,,14,MB,N,E:\D Drive\Ajit\FreeREZ\WebUIProjects\ADS_COMMON
ADS_WEB,,15,MB,N,E:\D Drive\Ajit\FreeREZ\WebUIProjects\ADS_WEB
App_Data,,10,MB,N,E:\D Drive\Ajit\FreeREZ\WebUIProjects\WebServicesUI\App_Data
WebServicesUI,,13,MB,N,E:\D Drive\Ajit\FreeREZ\WebUIProjects\WebServicesUI
WebUIProjects,,42,MB,N,E:\D Drive\Ajit\FreeREZ\WebUIProjects
FreeREZ,,108,MB,N,E:\D Drive\Ajit\FreeREZ
Wrox.Professional.ASP.NET.4.in.CSharp.and.VB.Mar.2010,,41,MB,N,E:\D Drive\Ajit\Learning\Wrox.Professional.ASP.NET.4.in.CSharp.and.VB.Mar.2010
Learning,,44,MB,N,E:\D Drive\Ajit\Learning
PGLOG,,240,MB,N,E:\D Drive\Ajit\Multiclass\CUT\Componentes_Testing\PGLOG
Componentes_Testing,,261,MB,N,E:\D Drive\Ajit\Multiclass\CUT\Componentes_Testing
PGLOG,,240,MB,N,E:\D Drive\Ajit\Multiclass\CUT\Components\PGLOG
Components,,261,MB,N,E:\D Drive\Ajit\Multiclass\CUT\Components
CRS,,31,MB,N,E:\D Drive\Ajit\Multiclass\CUT\CRS
CRS_Testing,,31,MB,N,E:\D Drive\Ajit\Multiclass\CUT\CRS_Testing
Reports,,88,MB,N,E:\D Drive\Ajit\Multiclass\CUT\POS_Multiclass_Code\Reports
POS_Multiclass_Code,,104,MB,N,E:\D Drive\Ajit\Multiclass\CUT\POS_Multiclass_Code
RMS Release,,12,MB,N,E:\D Drive\Ajit\Multiclass\CUT\RMS Release
CUT,,700,MB,N,E:\D Drive\Ajit\Multiclass\CUT
Design,,38,MB,N,E:\D Drive\Ajit\Multiclass\Design
Multiclass,,740,MB,N,E:\D Drive\Ajit\Multiclass
My Download,,17,MB,N,E:\D Drive\Ajit\My Download
CleanedDatabase,,31,MB,N,E:\D Drive\Ajit\PHHL\CleanedDatabase
BusinessFacadeProjects,,34,MB,N,E:\D Drive\Ajit\PHHL\FreeREZ_Production\FreeREZ\BusinessFacadeProjects
BusinessRulesProjects,,19,MB,N,E:\D Drive\Ajit\PHHL\FreeREZ_Production\FreeREZ\BusinessRulesProjects
ADS_COMMON,,13,MB,N,E:\D Drive\Ajit\PHHL\FreeREZ_Production\FreeREZ\WebUIProjects\ADS_COMMON
ADS_WEB,,13,MB,N,E:\D Drive\Ajit\PHHL\FreeREZ_Production\FreeREZ\WebUIProjects\ADS_WEB
WebUIProjects,,27,MB,N,E:\D Drive\Ajit\PHHL\FreeREZ_Production\FreeREZ\WebUIProjects
FreeREZ,,90,MB,N,E:\D Drive\Ajit\PHHL\FreeREZ_Production\FreeREZ
FreeREZ_Production,,90,MB,N,E:\D Drive\Ajit\PHHL\FreeREZ_Production
Pawan Hans User Documentation,,25,MB,N,E:\D Drive\Ajit\PHHL\Pawan Hans User Documentation
Test,,12,MB,N,E:\D Drive\Ajit\PHHL\PHHL Doc\Test
User Documents,,10,MB,N,E:\D Drive\Ajit\PHHL\PHHL Doc\User Documents
PHHL Doc,,23,MB,N,E:\D Drive\Ajit\PHHL\PHHL Doc
COMMON,,16,MB,N,E:\D Drive\Ajit\PHHL\Production Backup FreeREZ\FreeREZ\COMMON
TA,,12,MB,N,E:\D Drive\Ajit\PHHL\Production Backup FreeREZ\FreeREZ\WEB\TA
WEB,,21,MB,N,E:\D Drive\Ajit\PHHL\Production Backup FreeREZ\FreeREZ\WEB
FreeREZ,,38,MB,N,E:\D Drive\Ajit\PHHL\Production Backup FreeREZ\FreeREZ
Production Backup FreeREZ,,38,MB,N,E:\D Drive\Ajit\PHHL\Production Backup FreeREZ
Pawan Hans User Documentation,,25,MB,N,E:\D Drive\Ajit\PHHL\Support\Pawan Hans User Documentation
Support,,29,MB,N,E:\D Drive\Ajit\PHHL\Support
PHHL,,262,MB,N,E:\D Drive\Ajit\PHHL
Project Review,,22,MB,N,E:\D Drive\Ajit\Project Review
CRSV2,,228,MB,N,E:\D Drive\Ajit\Projects\CRSV2\Documents\Engineering\ProgramSpecifications\CRSV2
ProgramSpecifications,,228,MB,N,E:\D Drive\Ajit\Projects\CRSV2\Documents\Engineering\ProgramSpecifications
Engineering,,236,MB,N,E:\D Drive\Ajit\Projects\CRSV2\Documents\Engineering
Documents,,238,MB,N,E:\D Drive\Ajit\Projects\CRSV2\Documents
CRSV2,,267,MB,N,E:\D Drive\Ajit\Projects\CRSV2
Projects,,274,MB,N,E:\D Drive\Ajit\Projects
ADS,,65,MB,N,E:\D Drive\Ajit\Proposal\Airline\ADS
DCS (Stand Alone),,10,MB,N,E:\D Drive\Ajit\Proposal\Airline\DCS (Stand Alone)
Royal Brunei Airlines,,11,MB,N,E:\D Drive\Ajit\Proposal\Airline\IBE\Royal Brunei Airlines
Proposal,,14,MB,N,E:\D Drive\Ajit\Proposal\Airline\IBE\SkyTeam RTW Itinerary Planner\Proposal
SkyTeam RTW Itinerary Planner,,18,MB,N,E:\D Drive\Ajit\Proposal\Airline\IBE\SkyTeam RTW Itinerary Planner
IBE,,71,MB,N,E:\D Drive\Ajit\Proposal\Airline\IBE
Documents,,11,MB,N,E:\D Drive\Ajit\Proposal\Airline\Revenue Management\Air Mauritius\Documents
Air Mauritius,,14,MB,N,E:\D Drive\Ajit\Proposal\Airline\Revenue Management\Air Mauritius
Revenue Management,,20,MB,N,E:\D Drive\Ajit\Proposal\Airline\Revenue Management
Airline,,189,MB,N,E:\D Drive\Ajit\Proposal\Airline
ASKY Airline,,15,MB,N,E:\D Drive\Ajit\Proposal\ASKY Airline
Amitra Hotels,,13,MB,N,E:\D Drive\Ajit\Proposal\Hotel\Amitra Hotels
Hotel,,33,MB,N,E:\D Drive\Ajit\Proposal\Hotel
Proposal,,18,MB,N,E:\D Drive\Ajit\Proposal\LVSC\Proposal
RFP & questionnaire response,,13,MB,N,E:\D Drive\Ajit\Proposal\LVSC\RFP & questionnaire response
LVSC,,32,MB,N,E:\D Drive\Ajit\Proposal\LVSC
B2B,,22,MB,N,E:\D Drive\Ajit\Proposal\OTA\B2B
B2B Corporate,,12,MB,N,E:\D Drive\Ajit\Proposal\OTA\B2B Corporate
Presentation,,18,MB,N,E:\D Drive\Ajit\Proposal\OTA\B2C\Edreams\Presentation
Edreams,,19,MB,N,E:\D Drive\Ajit\Proposal\OTA\B2C\Edreams
B2C,,84,MB,N,E:\D Drive\Ajit\Proposal\OTA\B2C
Docs,,14,MB,N,E:\D Drive\Ajit\Proposal\OTA\Integrated B2B-B2C\Fuzebox\Docs
Fuzebox,,19,MB,N,E:\D Drive\Ajit\Proposal\OTA\Integrated B2B-B2C\Fuzebox
Integrated B2B-B2C,,84,MB,N,E:\D Drive\Ajit\Proposal\OTA\Integrated B2B-B2C
OTA,,233,MB,N,E:\D Drive\Ajit\Proposal\OTA
Presentation,,71,MB,N,E:\D Drive\Ajit\Proposal\Presentation
Diagrams,,15,MB,N,E:\D Drive\Ajit\Proposal\Proposal - Others\LJK Lodging service engine\Diagrams
LJK Lodging service engine,,25,MB,N,E:\D Drive\Ajit\Proposal\Proposal - Others\LJK Lodging service engine
Proposal,,18,MB,N,E:\D Drive\Ajit\Proposal\Proposal - Others\LVSC\Proposal
RFP & questionnaire response,,13,MB,N,E:\D Drive\Ajit\Proposal\Proposal - Others\LVSC\RFP & questionnaire response
LVSC,,32,MB,N,E:\D Drive\Ajit\Proposal\Proposal - Others\LVSC
Reporting Solutions,,14,MB,N,E:\D Drive\Ajit\Proposal\Proposal - Others\Reporting Solutions
Documents,,15,MB,N,E:\D Drive\Ajit\Proposal\Proposal - Others\Revenue Management\Air Mauritius\Documents
Proposal,,14,MB,N,E:\D Drive\Ajit\Proposal\Proposal - Others\Revenue Management\Air Mauritius\Proposal
Air Mauritius,,32,MB,N,E:\D Drive\Ajit\Proposal\Proposal - Others\Revenue Management\Air Mauritius
Revenue Management,,42,MB,N,E:\D Drive\Ajit\Proposal\Proposal - Others\Revenue Management
TravelCLICK,,13,MB,N,E:\D Drive\Ajit\Proposal\Proposal - Others\TravelCLICK
Proposal - Others,,154,MB,N,E:\D Drive\Ajit\Proposal\Proposal - Others
Documents,,10,MB,N,"E:\D Drive\Ajit\Proposal\Proposal - TMC\B2C IBE, POS and ERP\Documents"
"B2C IBE, POS and ERP",,12,MB,N,"E:\D Drive\Ajit\Proposal\Proposal - TMC\B2C IBE, POS and ERP"
Documents,,14,MB,N,E:\D Drive\Ajit\Proposal\Proposal - TMC\ERP\Regency Travel\Documents
Regency Travel,,17,MB,N,E:\D Drive\Ajit\Proposal\Proposal - TMC\ERP\Regency Travel
ERP,,25,MB,N,E:\D Drive\Ajit\Proposal\Proposal - TMC\ERP
Documents - Existing System,,24,MB,N,E:\D Drive\Ajit\Proposal\Proposal - TMC\Front Office Managment\DNATA DFO - (Front Office Migrator)\Documents - Existing System
Proposal,,11,MB,N,E:\D Drive\Ajit\Proposal\Proposal - TMC\Front Office Managment\DNATA DFO - (Front Office Migrator)\Proposal
DNATA DFO - (Front Office Migrator),,39,MB,N,E:\D Drive\Ajit\Proposal\Proposal - TMC\Front Office Managment\DNATA DFO - (Front Office Migrator)
Front Office Managment,,39,MB,N,E:\D Drive\Ajit\Proposal\Proposal - TMC\Front Office Managment
Proposal - TMC,,90,MB,N,E:\D Drive\Ajit\Proposal\Proposal - TMC
Reporting Solutions,,14,MB,N,E:\D Drive\Ajit\Proposal\Reporting Solutions
Documents,,15,MB,N,E:\D Drive\Ajit\Proposal\Revenue Management\Air Mauritius\Documents
Proposal,,14,MB,N,E:\D Drive\Ajit\Proposal\Revenue Management\Air Mauritius\Proposal
Air Mauritius,,32,MB,N,E:\D Drive\Ajit\Proposal\Revenue Management\Air Mauritius
Revenue Management,,42,MB,N,E:\D Drive\Ajit\Proposal\Revenue Management
TravelClick,,13,MB,N,E:\D Drive\Ajit\Proposal\TravelClick
White Papers,,13,MB,N,E:\D Drive\Ajit\Proposal\White Papers
Proposal,,962,MB,N,E:\D Drive\Ajit\Proposal
CRSAdminWebVer0.07,,14,MB,N,E:\D Drive\Ajit\RFP 2008\20080407\CRS\CRSV2_TEST\WebUIProjects\CRSAdminWebVer0.07
WebUIProjects,,14,MB,N,E:\D Drive\Ajit\RFP 2008\20080407\CRS\CRSV2_TEST\WebUIProjects
CRSV2_TEST,,14,MB,N,E:\D Drive\Ajit\RFP 2008\20080407\CRS\CRSV2_TEST
CRS,,14,MB,N,E:\D Drive\Ajit\RFP 2008\20080407\CRS
20080407,,15,MB,N,E:\D Drive\Ajit\RFP 2008\20080407
Backup_RMS_My_System,,24,MB,N,E:\D Drive\Ajit\RFP 2008\Backup_RMS_My_System
CRSAdminWebVer0.07,,14,MB,N,E:\D Drive\Ajit\RFP 2008\CRS Release\20080312\Arya\Complete Upload\CRSAdminWebVer0.07
Complete Upload,,40,MB,N,E:\D Drive\Ajit\RFP 2008\CRS Release\20080312\Arya\Complete Upload
Arya,,40,MB,N,E:\D Drive\Ajit\RFP 2008\CRS Release\20080312\Arya
CRSAdminWebVer0.07,,13,MB,N,E:\D Drive\Ajit\RFP 2008\CRS Release\20080312\Complete Upload\CRSV2_TEST_1\WebUIProjects\CRSAdminWebVer0.07
WebUIProjects,,13,MB,N,E:\D Drive\Ajit\RFP 2008\CRS Release\20080312\Complete Upload\CRSV2_TEST_1\WebUIProjects
CRSV2_TEST_1,,40,MB,N,E:\D Drive\Ajit\RFP 2008\CRS Release\20080312\Complete Upload\CRSV2_TEST_1
CRSAdminWebVer0.07,,13,MB,N,E:\D Drive\Ajit\RFP 2008\CRS Release\20080312\Complete Upload\CRSV2_TEST_2\WebUIProjects\CRSAdminWebVer0.07
WebUIProjects,,13,MB,N,E:\D Drive\Ajit\RFP 2008\CRS Release\20080312\Complete Upload\CRSV2_TEST_2\WebUIProjects
CRSV2_TEST_2,,13,MB,N,E:\D Drive\Ajit\RFP 2008\CRS Release\20080312\Complete Upload\CRSV2_TEST_2
Complete Upload,,53,MB,N,E:\D Drive\Ajit\RFP 2008\CRS Release\20080312\Complete Upload
20080312,,95,MB,N,E:\D Drive\Ajit\RFP 2008\CRS Release\20080312
CRSAdminWebVer0.07,,14,MB,N,E:\D Drive\Ajit\RFP 2008\CRS Release\20080318\Backup\CRSV2_TEST\WebUIProjects\CRSAdminWebVer0.07
WebUIProjects,,14,MB,N,E:\D Drive\Ajit\RFP 2008\CRS Release\20080318\Backup\CRSV2_TEST\WebUIProjects
CRSV2_TEST,,14,MB,N,E:\D Drive\Ajit\RFP 2008\CRS Release\20080318\Backup\CRSV2_TEST
Backup,,14,MB,N,E:\D Drive\Ajit\RFP 2008\CRS Release\20080318\Backup
CRSAdminWebVer0.07,,14,MB,N,E:\D Drive\Ajit\RFP 2008\CRS Release\20080318\Backup_Ver_2\CRSV2_TEST\WebUIProjects\CRSAdminWebVer0.07
WebUIProjects,,14,MB,N,E:\D Drive\Ajit\RFP 2008\CRS Release\20080318\Backup_Ver_2\CRSV2_TEST\WebUIProjects
CRSV2_TEST,,14,MB,N,E:\D Drive\Ajit\RFP 2008\CRS Release\20080318\Backup_Ver_2\CRSV2_TEST
Backup_Ver_2,,14,MB,N,E:\D Drive\Ajit\RFP 2008\CRS Release\20080318\Backup_Ver_2
CRSAdminWebVer0.07,,14,MB,N,E:\D Drive\Ajit\RFP 2008\CRS Release\20080318\backup_ver_3\CRSV2_TEST\WebUIProjects\CRSAdminWebVer0.07
WebUIProjects,,14,MB,N,E:\D Drive\Ajit\RFP 2008\CRS Release\20080318\backup_ver_3\CRSV2_TEST\WebUIProjects
CRSV2_TEST,,14,MB,N,E:\D Drive\Ajit\RFP 2008\CRS Release\20080318\backup_ver_3\CRSV2_TEST
backup_ver_3,,14,MB,N,E:\D Drive\Ajit\RFP 2008\CRS Release\20080318\backup_ver_3
PRODCRSV2WebUIProjects_WebUI_1,,14,MB,N,E:\D Drive\Ajit\RFP 2008\CRS Release\20080318\upload\PRODCRSV2WebUIProjects_WebUI_1
upload,,14,MB,N,E:\D Drive\Ajit\RFP 2008\CRS Release\20080318\upload
PRODCRSV2WebUIProjects_WebUI_1,,14,MB,N,E:\D Drive\Ajit\RFP 2008\CRS Release\20080318\Upload_ver_2\PRODCRSV2WebUIProjects_WebUI_1
Upload_ver_2,,14,MB,N,E:\D Drive\Ajit\RFP 2008\CRS Release\20080318\Upload_ver_2
PRODCRSV2WebUIProjects_WebUI_1,,14,MB,N,E:\D Drive\Ajit\RFP 2008\CRS Release\20080318\Upload_Ver_3\PRODCRSV2WebUIProjects_WebUI_1
Upload_Ver_3,,14,MB,N,E:\D Drive\Ajit\RFP 2008\CRS Release\20080318\Upload_Ver_3
20080318,,84,MB,N,E:\D Drive\Ajit\RFP 2008\CRS Release\20080318
CRSAdminWebVer0.07,,14,MB,N,E:\D Drive\Ajit\RFP 2008\CRS Release\20080319\CRSV2_TEST\WebUIProjects\CRSAdminWebVer0.07
WebUIProjects,,14,MB,N,E:\D Drive\Ajit\RFP 2008\CRS Release\20080319\CRSV2_TEST\WebUIProjects
CRSV2_TEST,,14,MB,N,E:\D Drive\Ajit\RFP 2008\CRS Release\20080319\CRSV2_TEST
20080319,,14,MB,N,E:\D Drive\Ajit\RFP 2008\CRS Release\20080319
CRS Release,,193,MB,N,E:\D Drive\Ajit\RFP 2008\CRS Release
CRSV2_Test,,33,MB,N,E:\D Drive\Ajit\RFP 2008\CRSV2_Test
RFP 2008,,322,MB,N,E:\D Drive\Ajit\RFP 2008
Reports,,158,MB,N,E:\D Drive\Ajit\Support\Agency Fare\Backup CRS from PreProd\AirIndia\AirIndia\Reports
AirIndia,,159,MB,N,E:\D Drive\Ajit\Support\Agency Fare\Backup CRS from PreProd\AirIndia\AirIndia
AirIndia,,159,MB,N,E:\D Drive\Ajit\Support\Agency Fare\Backup CRS from PreProd\AirIndia
CRSV2Web_PROD,,12,MB,N,E:\D Drive\Ajit\Support\Agency Fare\Backup CRS from PreProd\CODE_CRS\WebUIProjects\CRSV2Web_PROD
WebUIProjects,,12,MB,N,E:\D Drive\Ajit\Support\Agency Fare\Backup CRS from PreProd\CODE_CRS\WebUIProjects
CODE_CRS,,34,MB,N,E:\D Drive\Ajit\Support\Agency Fare\Backup CRS from PreProd\CODE_CRS
PGLOG,,15,MB,N,E:\D Drive\Ajit\Support\Agency Fare\Backup CRS from PreProd\Component\DLL\PGLOG
DLL,,18,MB,N,E:\D Drive\Ajit\Support\Agency Fare\Backup CRS from PreProd\Component\DLL
Component,,18,MB,N,E:\D Drive\Ajit\Support\Agency Fare\Backup CRS from PreProd\Component
web3.0,,11,MB,N,E:\D Drive\Ajit\Support\Agency Fare\Backup CRS from PreProd\Cybersource_Release\web3.0
Cybersource_Release,,16,MB,N,E:\D Drive\Ajit\Support\Agency Fare\Backup CRS from PreProd\Cybersource_Release
Backup CRS from PreProd,,232,MB,N,E:\D Drive\Ajit\Support\Agency Fare\Backup CRS from PreProd
CRSV2Web_PROD,,12,MB,N,E:\D Drive\Ajit\Support\Agency Fare\CRS\Backup\CRS Admin\CODE_CRS\WebUIProjects\CRSV2Web_PROD
WebUIProjects,,12,MB,N,E:\D Drive\Ajit\Support\Agency Fare\CRS\Backup\CRS Admin\CODE_CRS\WebUIProjects
CODE_CRS,,34,MB,N,E:\D Drive\Ajit\Support\Agency Fare\CRS\Backup\CRS Admin\CODE_CRS
CRS Admin,,39,MB,N,E:\D Drive\Ajit\Support\Agency Fare\CRS\Backup\CRS Admin
Backup,,39,MB,N,E:\D Drive\Ajit\Support\Agency Fare\CRS\Backup
PRODCRSV2WebUIProjects_WebUI_4,,10,MB,N,E:\D Drive\Ajit\Support\Agency Fare\CRS\PRODCRSV2WebUIProjects_WebUI_4
PRODCRSV2_Final,,33,MB,N,E:\D Drive\Ajit\Support\Agency Fare\CRS\Upload\CODE_CRS\PRODCRSV2_Final
CODE_CRS,,33,MB,N,E:\D Drive\Ajit\Support\Agency Fare\CRS\Upload\CODE_CRS
Upload,,43,MB,N,E:\D Drive\Ajit\Support\Agency Fare\CRS\Upload
CRS,,92,MB,N,E:\D Drive\Ajit\Support\Agency Fare\CRS
Agency Fare,,336,MB,N,E:\D Drive\Ajit\Support\Agency Fare
AllTxn_16Jan2009_To_31Jan2009,,56,MB,N,E:\D Drive\Ajit\Support\AllTxn_16Jan2009_To_31Jan2009
BI tools for FreeREZ,,27,MB,N,E:\D Drive\Ajit\Support\BI tools for FreeREZ
Billing Data,,18,MB,N,E:\D Drive\Ajit\Support\Billing Data
IPCountry-FULL,,20,MB,N,E:\D Drive\Ajit\Support\CrossBorder Sales\IPCountry-FULL
CrossBorder Sales,,35,MB,N,E:\D Drive\Ajit\Support\CrossBorder Sales
PRODCRSV2WebUIProjects_WebUI_4,,13,MB,N,E:\D Drive\Ajit\Support\CRS Production Code Backup\PRODCRSV2WebUIProjects_WebUI_4
SystemFrameworksProjects,,11,MB,N,E:\D Drive\Ajit\Support\CRS Production Code Backup\PRODCRSV2_Final\SystemFrameworksProjects
PRODCRSV2_Final,,39,MB,N,E:\D Drive\Ajit\Support\CRS Production Code Backup\PRODCRSV2_Final
CRS Production Code Backup,,52,MB,N,E:\D Drive\Ajit\Support\CRS Production Code Backup
AIEFinance,,24,MB,N,E:\D Drive\Ajit\Support\CRSFinance\AIEFinance
CRSFinance,,27,MB,N,E:\D Drive\Ajit\Support\CRSFinance
CSR,,11,MB,N,E:\D Drive\Ajit\Support\CSR
DBA,,10,MB,N,E:\D Drive\Ajit\Support\DBA
nant-0.85-rc3,,14,MB,N,E:\D Drive\Ajit\Support\Dot Net\nant-0.85-rc3
bin,,10,MB,N,E:\D Drive\Ajit\Support\Dot Net\RNDBuild Tools\040622\devtools\nant\bin
nant,,17,MB,N,E:\D Drive\Ajit\Support\Dot Net\RNDBuild Tools\040622\devtools\nant
devtools,,45,MB,N,E:\D Drive\Ajit\Support\Dot Net\RNDBuild Tools\040622\devtools
040622,,60,MB,N,E:\D Drive\Ajit\Support\Dot Net\RNDBuild Tools\040622
RNDBuild Tools,,134,MB,N,E:\D Drive\Ajit\Support\Dot Net\RNDBuild Tools
Testing Status meeting,,11,MB,N,E:\D Drive\Ajit\Support\Dot Net\Testing Status meeting
Dot Net,,175,MB,N,E:\D Drive\Ajit\Support\Dot Net
BusinessFacadeProjects,,32,MB,N,E:\D Drive\Ajit\Support\FreeREZ_Production\BusinessFacadeProjects
BusinessRulesProjects,,19,MB,N,E:\D Drive\Ajit\Support\FreeREZ_Production\BusinessRulesProjects
ADS_COMMON,,15,MB,N,E:\D Drive\Ajit\Support\FreeREZ_Production\WebUIProjects\ADS_COMMON
ADS_WEB,,15,MB,N,E:\D Drive\Ajit\Support\FreeREZ_Production\WebUIProjects\ADS_WEB
App_Data,,10,MB,N,E:\D Drive\Ajit\Support\FreeREZ_Production\WebUIProjects\WebServicesUI\App_Data
WebServicesUI,,13,MB,N,E:\D Drive\Ajit\Support\FreeREZ_Production\WebUIProjects\WebServicesUI
WebUIProjects,,43,MB,N,E:\D Drive\Ajit\Support\FreeREZ_Production\WebUIProjects
FreeREZ_Production,,110,MB,N,E:\D Drive\Ajit\Support\FreeREZ_Production
ICICI Setup,,16,MB,N,E:\D Drive\Ajit\Support\ICICI Setup
bin,,16,MB,N,E:\D Drive\Ajit\Support\Moumita\WindowsApplication1\MonitorService\bin
MonitorService,,17,MB,N,E:\D Drive\Ajit\Support\Moumita\WindowsApplication1\MonitorService
bin,,21,MB,N,E:\D Drive\Ajit\Support\Moumita\WindowsApplication1\ThirdPartyResponseAdapter\bin
obj,,15,MB,N,E:\D Drive\Ajit\Support\Moumita\WindowsApplication1\ThirdPartyResponseAdapter\obj
ThirdPartyResponseAdapter,,38,MB,N,E:\D Drive\Ajit\Support\Moumita\WindowsApplication1\ThirdPartyResponseAdapter
WindowsApplication1,,59,MB,N,E:\D Drive\Ajit\Support\Moumita\WindowsApplication1
Moumita,,65,MB,N,E:\D Drive\Ajit\Support\Moumita
Backup,,11,MB,N,E:\D Drive\Ajit\Support\Open Ticket\Backup
Open Ticket,,20,MB,N,E:\D Drive\Ajit\Support\Open Ticket
PRODCRSV2_Final,,34,MB,N,E:\D Drive\Ajit\Support\PRODCRSV2_Final
PRODCRSV2Web,,12,MB,N,E:\D Drive\Ajit\Support\Production Code\CRS\PRODCRSV2Web
CRS,,21,MB,N,E:\D Drive\Ajit\Support\Production Code\CRS
BusinessFacadeProjects,,42,MB,N,E:\D Drive\Ajit\Support\Production Code\FreeREZ\BusinessFacadeProjects
BusinessRulesProjects,,26,MB,N,E:\D Drive\Ajit\Support\Production Code\FreeREZ\BusinessRulesProjects
Bin,,15,MB,N,E:\D Drive\Ajit\Support\Production Code\FreeREZ\WebUIProjects\ADS_COMMON\Bin
TA,,15,MB,N,E:\D Drive\Ajit\Support\Production Code\FreeREZ\WebUIProjects\ADS_COMMON\TA
ADS_COMMON,,32,MB,N,E:\D Drive\Ajit\Support\Production Code\FreeREZ\WebUIProjects\ADS_COMMON
Bin,,12,MB,N,E:\D Drive\Ajit\Support\Production Code\FreeREZ\WebUIProjects\ADS_WEB\Bin
TA,,18,MB,N,E:\D Drive\Ajit\Support\Production Code\FreeREZ\WebUIProjects\ADS_WEB\TA
ADS_WEB,,31,MB,N,E:\D Drive\Ajit\Support\Production Code\FreeREZ\WebUIProjects\ADS_WEB
text-base,,10,MB,N,E:\D Drive\Ajit\Support\Production Code\FreeREZ\WebUIProjects\WebServicesUI\App_Data\_svn\text-base
_svn,,10,MB,N,E:\D Drive\Ajit\Support\Production Code\FreeREZ\WebUIProjects\WebServicesUI\App_Data\_svn
App_Data,,21,MB,N,E:\D Drive\Ajit\Support\Production Code\FreeREZ\WebUIProjects\WebServicesUI\App_Data
WebServicesUI,,26,MB,N,E:\D Drive\Ajit\Support\Production Code\FreeREZ\WebUIProjects\WebServicesUI
WebUIProjects,,89,MB,N,E:\D Drive\Ajit\Support\Production Code\FreeREZ\WebUIProjects
FreeREZ,,182,MB,N,E:\D Drive\Ajit\Support\Production Code\FreeREZ
Production Code,,203,MB,N,E:\D Drive\Ajit\Support\Production Code
CRSV2UAT,,12,MB,N,E:\D Drive\Ajit\Support\Production CRV2 backup for Virtual Sch Modification\CRSV2UAT
Production CRV2 backup for Virtual Sch Modification,,12,MB,N,E:\D Drive\Ajit\Support\Production CRV2 backup for Virtual Sch Modification
bin,,11,MB,N,E:\D Drive\Ajit\Support\Projects\FreeREZ BugFixing_RFP_3\BusinessFacadeProjects\ADSItineraryFacade\bin
ADSItineraryFacade,,15,MB,N,E:\D Drive\Ajit\Support\Projects\FreeREZ BugFixing_RFP_3\BusinessFacadeProjects\ADSItineraryFacade
PaymentGatewayHDFC,,10,MB,N,E:\D Drive\Ajit\Support\Projects\FreeREZ BugFixing_RFP_3\BusinessFacadeProjects\PaymentGatewayHDFC
BusinessFacadeProjects,,60,MB,N,E:\D Drive\Ajit\Support\Projects\FreeREZ BugFixing_RFP_3\BusinessFacadeProjects
ADSItinerary,,13,MB,N,E:\D Drive\Ajit\Support\Projects\FreeREZ BugFixing_RFP_3\BusinessRulesProjects\ADSItinerary
BusinessRulesProjects,,36,MB,N,E:\D Drive\Ajit\Support\Projects\FreeREZ BugFixing_RFP_3\BusinessRulesProjects
Entity,,11,MB,N,E:\D Drive\Ajit\Support\Projects\FreeREZ BugFixing_RFP_3\DataAccessProjects\Entity
DataAccessProjects,,11,MB,N,E:\D Drive\Ajit\Support\Projects\FreeREZ BugFixing_RFP_3\DataAccessProjects
SystemFrameworksProjects,,11,MB,N,E:\D Drive\Ajit\Support\Projects\FreeREZ BugFixing_RFP_3\SystemFrameworksProjects
Bin,,13,MB,N,E:\D Drive\Ajit\Support\Projects\FreeREZ BugFixing_RFP_3\WebUIProjects\ADS_COMMON\Bin
TA,,16,MB,N,E:\D Drive\Ajit\Support\Projects\FreeREZ BugFixing_RFP_3\WebUIProjects\ADS_COMMON\TA
ADS_COMMON,,31,MB,N,E:\D Drive\Ajit\Support\Projects\FreeREZ BugFixing_RFP_3\WebUIProjects\ADS_COMMON
Bin,,10,MB,N,E:\D Drive\Ajit\Support\Projects\FreeREZ BugFixing_RFP_3\WebUIProjects\ADS_WEB\Bin
text-base,,15,MB,N,E:\D Drive\Ajit\Support\Projects\FreeREZ BugFixing_RFP_3\WebUIProjects\ADS_WEB\TA\Images\_svn\text-base
_svn,,16,MB,N,E:\D Drive\Ajit\Support\Projects\FreeREZ BugFixing_RFP_3\WebUIProjects\ADS_WEB\TA\Images\_svn
Images,,31,MB,N,E:\D Drive\Ajit\Support\Projects\FreeREZ BugFixing_RFP_3\WebUIProjects\ADS_WEB\TA\Images
TA,,42,MB,N,E:\D Drive\Ajit\Support\Projects\FreeREZ BugFixing_RFP_3\WebUIProjects\ADS_WEB\TA
ADS_WEB,,53,MB,N,E:\D Drive\Ajit\Support\Projects\FreeREZ BugFixing_RFP_3\WebUIProjects\ADS_WEB
text-base,,10,MB,N,E:\D Drive\Ajit\Support\Projects\FreeREZ BugFixing_RFP_3\WebUIProjects\WebServicesUI\App_Data\_svn\text-base
_svn,,10,MB,N,E:\D Drive\Ajit\Support\Projects\FreeREZ BugFixing_RFP_3\WebUIProjects\WebServicesUI\App_Data\_svn
App_Data,,21,MB,N,E:\D Drive\Ajit\Support\Projects\FreeREZ BugFixing_RFP_3\WebUIProjects\WebServicesUI\App_Data
WebServicesUI,,25,MB,N,E:\D Drive\Ajit\Support\Projects\FreeREZ BugFixing_RFP_3\WebUIProjects\WebServicesUI
WebUIProjects,,109,MB,N,E:\D Drive\Ajit\Support\Projects\FreeREZ BugFixing_RFP_3\WebUIProjects
FreeREZ BugFixing_RFP_3,,237,MB,N,E:\D Drive\Ajit\Support\Projects\FreeREZ BugFixing_RFP_3
Projects,,237,MB,N,E:\D Drive\Ajit\Support\Projects
RFP 2009,,31,MB,N,E:\D Drive\Ajit\Support\RFP 2009
text-base,,12,MB,N,E:\D Drive\Ajit\Support\RTCode\App_Data\_svn\text-base
_svn,,13,MB,N,E:\D Drive\Ajit\Support\RTCode\App_Data\_svn
App_Data,,25,MB,N,E:\D Drive\Ajit\Support\RTCode\App_Data
RTCode,,33,MB,N,E:\D Drive\Ajit\Support\RTCode
Six Sigma,,11,MB,N,E:\D Drive\Ajit\Support\Six Sigma
Apr 2010,,10,MB,N,E:\D Drive\Ajit\Support\SMR\Apr 2010
SMR,,32,MB,N,E:\D Drive\Ajit\Support\SMR
Web Services,,21,MB,N,E:\D Drive\Ajit\Support\Web Services
Support,,2,GB,N,E:\D Drive\Ajit\Support
Test_Projects,,14,MB,N,E:\D Drive\Ajit\Test_Projects
Ajit,,6,GB,N,E:\D Drive\Ajit
D Drive,,6,GB,N,E:\D Drive
